Modelo,R2 Entrenamiento,R2 Prueba,RMSE Entrenamiento,RMSE Prueba
RL múltiple con atipicos,0.4990721980256533,0.5889603008171753,51573.69037567944,39690.52886317273
Arboles con atipicos,1.0,0.5074841776464774,0.0,43446.52989284079
Arboles con atipicos deph 9,0.3862355809295339,0.6432182798868681,57087.56177931733,36978.24527032591
Random con atipicos,0.9563701133808505,0.8422191438905804,15220.631892285259,24590.771557216103
