Modelo,R2 Entrenamiento,R2 Prueba,RMSE Entrenamiento,RMSE Prueba
RL múltiple sin atipicos,0.5728528696809911,0.5695061557530006,39213.46578373631,33862.58708352124
Arboles sin atipicos,1.0,0.8761513299019494,0.0,18162.780554382818
Arboles sin atipicos deph 9,0.997147188897369,0.8832525807740219,3204.6675998295987,17634.384525312922
Random sin atipicos,0.987218182137998,0.9107993832910821,6783.327632436404,15414.185833198777
